nbSyll;pron;origin;warning;remarques;POS;lineId;pageId;motVedette
5;inſtăbĭʹlĭty;L.;;;n.;52.0;120;instability
4;sŭblieutĕʹnănt;;;;n.;57.0;205;sublieutenant
2;taʹbles;;;;n.;8.0;209;tables
4;impūʹtătive;;;;a.;61.0;114;imputative
4;mĕtŏʹny̆my;;;;n.;65.0;139;metonyomy
2;ăſſīʹ_g_n;L.;;;v.;62.0;30;assign
4;tĕmpĕʹſtū_o_us;;;;a.;50.0;211;tempestuous
3;rĕſeaʹrchĭng;;;;n.;51.0;182;researching
3;ĕncĭʹrcle;;;;v.;73.0;80;encircle
3;căʹnŏpy;F.;;;n.;52.0;44;canopy
4;excĕʹption;F.;;;n.;68.0;84;exception
3;replĕʹvin;;;;n.;70.0;181;replevin
5;hŏſpĭtăʹlĭty;L.;;;n.;59.0;108;hospitality
2;ŭnpĭʹn;;;;v.;64.0;230;unpin
2;ſwĭʹng_e_ing;;;;a.;11.0;209;swingeing
1;treat;F.;;;v.;67.0;217;treat
1;fĭtz;;;;n.;22.0;89;fitz
3;vĕʹsĭcle;L.;;;n.;24.0;223;vesicle
2;ăʹnguĭſh;L.;;;n.;39.0;26;anguish
1;wheat;;;;n.;52.0;237;wheat
3;intĕrcĕʹpt;L.;;;v.;39.0;121;intercept
1;mĭſt;;;;n.;60.0;141;mist
1;dŭng;;;;n.;25.0;77;dung
1;cȯẇr;;;;v.;3.0;61;cowr
1;coo;;;;v.;14.0;59;coo
4;dĭvārĭcāte;;nbSyll>1 et pas d'accent tonic;;v.;12.0;74;divaricate
2;vĕʹrdănt;;;;a.;53.0;222;verdant
2;bethĭʹnk;;;;v.;73.0;36;bethink
3;crūʹcĭble;;;;n.;34.0;62;crucible
3;făʹctŏrage;;;;n.;16.0;87;factorage
2;lăʹmbĕnt;L.;;;a.;9.0;127;lambent
5;ŭnprepŏſſĕʹſſed;;;;a.;9.0;231;unprepossessed
2;_k_nāʹv_e_ry;;;;n.;27.0;126;knavery
1;brănch;F.;;;n.;35.0;40;branch
1;ſneer;;;;n.;63.0;197;sneer
2;ărraʹy;F.;;;n.;54.0;29;array
2;măʹrro_w_;;;;n.;47.0;136;marrow
5;legĭʹtĭmăcy;L.;;;n.;26.0;129;legitimacy
4;florāʹlĭā;;;;v.;28.0;90;floralia
1;lōbe;L.;;;n.;58.0;131;lobe
4;ăſſĭʹdū_o_us;L.;;;a.;61.0;30;assiduous
2;tīʹdy;;;;a.;35.0;214;tidy
3;ŭnrŭʹffled;;;;a.;59.0;231;unruffled
3;oxy̆crāte;;nbSyll>1 et pas d'accent tonic;;n.;8.0;155;oxyocrate
2;greeʹnwăx;;;;n.;33.0;101;greenwax
2;cŏʹm_e_ly;;;;a.;67.0;53;comely
4;ărch-chămbĕrlain;;nbSyll>1 et pas d'accent tonic;;n.;71.0;28;arch-chamberlain
3;alteʹrnative;;;;n.;58.0;24;alternative
1;trūce;;;;n.;25.0;219;truce
3;piăʹzzā;;;;n.;28.0;162;piazza
1;nĭt;;;;n.;63.0;147;nit
5;pĕrĭpătĕʹtic;G.;;;a.;29.0;160;peripatetic
1;chīld;;;;n.;21.0;49;child
1;trough (trof);;;Aide à la {pron}.;n.;18.0;219;trough trof
3;frauʹdūlent;L.;;;a.;23.0;93;fraudulent
3;nŏvĕʹmb_e_r;;;;n.;61.0;148;november
3;ăppĕrtaĭʹn;L.;;;v.;20.0;28;appertain
2;zeaʹlot;;;;n.;8.0;241;zealot
4;prōpĭʹti_o_us;L.;;;a.;19.0;171;propitious
3;fĭʹxĕdneſs;;;;n.;27.0;89;fixedness
3;weaʹrĭsŏme;;;;a.;2.0;237;wearisome
2;ſtoʹny;;;;n.;8.0;204;stony
2;exaʹlt;L.;;;v.;53.0;84;exalt
3;nauʹ_gh_tĭneſs;;;;n.;34.0;146;naughtiness
3;chăntĭcleeʹr;F.;;;n.;33.0;48;chanticleer
2;_h_ŏʹſtler;F.;;;n.;66.0;108;hostler
1;gĕm;;;;n.;11.0;97;gem
3;hăʹrlĕquin;;;;n.;29.0;104;harlequin
2;infoʹld;;;;v.;61.0;118;infold
4;revĭʹ_c_t_u_al;F.;;;v.;30.0;184;revictual
2;săʹlmon;;;;n.;33.0;188;salmon
1;blĕſs;;;;v.;28.0;38;bless
1;heave;;;;v.;34.0;105;heave
4;vĕrmĭcĕʹlli;L.;;;n.;68.0;222;vermicelli
2;grăʹbble;;;;v.;34.0;100;grabble
2;ſmaʹllage;;;;n.;23.0;197;smallage
3;bŭʹggĕry;F.;;;n.;3.0;42;buggery
4;habĭʹlĭment;;;;n.;5.0;103;habiliment
2;obsĕʹrve;L.;;;v.;21.0;150;observe
2;măʹdam;;;;n.;16.0;134;madam
4;legĕrdĕmaiʹn;;;;n.;20.0;129;legerdemain
1;cūbe;;;;n.;60.0;62;cube
3;procŏʹnſul;L.;;;a.;69.0;169;proconsul
3;ăʹrtĕry;G.;;;n.;67.0;29;artery
5;ŏbŭmbrāʹtion;L.;;;n.;43.0;150;obumbration
4;bĕnĕfăʹctor;L.;;;n.;27.0;36;benefactor
3;pŭrsūʹănce;;;;n.;42.0;173;pursuance
2;ăʹrchĕrs;;;;n.;4.0;29;archers
2;ăʹbbey;;;;n.;13.0;19;abbey
4;dŏmĭʹnĭcal;;;;n.;11.0;75;dominical
1;lŭrk;;;;v.;35.0;133;lurk
1;crōke;;;;v.;16.0;62;croke
2;tŭʹrbănt;;;;n.;9.0;220;turbant
3;meaʹgrĕneſs;F.;;;n.;71.0;137;meagreness
3;rēŏbtaiʹn;L.;;;v.;39.0;181;reobtain
1;mūſe;;;;v.;16.0;145;muse
2;thŏʹro_ugh_;;;;p.;53.0;213;thorough
3;prĕʹſby̆t_e_r;G.;;;n.;34.0;168;presbyoter
3;căʹlĕnd_a_r;L.;;;n.;50.0;43;calendar
2;faʹlchon;F.;;;n.;35.0;87;falchon
1;jăm_b_;;;;n.;19.0;110;jamb
3;propōʹſer;;;;n.;24.0;171;proposer
2;prŏʹphet;;;;n.;13.0;171;prophet
2;ſhȯʹẇer;;;;v.;11.0;194;shower
3;convĕʹrſant;L.;;;a.;66.0;58;conversant
3;exŏʹrcĭſt.;G.;;;n.;70.0;85;exorcist
3;trăʹgăcănth;G.;;;n.;45.0;216;tragacanth
2;ŭnſtrŭʹng;;;;a.;44.0;232;unstrung
3;mĭʹllĭon;F.;;;n.;35.0;140;million
3;mŭʹſcŭl_o_us;;;;a.;15.0;145;musculous
2;lēʹgate;L.;;;n.;15.0;129;legate
4;orbĭʹcūlar;;;;a.;55.0;152;orbicular
4;retaĭʹnable;;;;a.;55.0;183;retainable
2;improʹve;;;;v.;46.0;114;improve
4;otăʹlgĭā;G.;;;n.;42.0;153;otalgia
3;ĕʹlŏgy;L.;;;n.;51.0;79;elogy
3;ēʹvĕntīde;;;;n.;23.0;84;eventide
2;gooʹſbill;;;;n.;6.0;100;goosbill
3;căʹnĭbal;;;;n.;40.0;44;canibal
2;ſpŏʹtleſs;;;;a.;37.0;201;spotless
1;sănd;;;;n.;64.0;188;sand
1;ſtool;;;;n.;9.0;204;stool
4;cŏʹntūmacy;L.;;;n.;54.0;58;contumacy
1;wīre;;;;n.;5.0;239;wire
3;dīʹăphră_g_m;G.;;;n.;67.0;69;diaphragm
2;trănſgrĕʹſs;L.;;;v.;6.0;217;transgress
4;detĕʹntion;L.;;;n.;3.0;69;detention
4;dĭsĕntăʹngle;;;;v.;67.0;71;disentangle
2;sĭxteeʹn;;;;n.;67.0;195;sixteen
5;ſtĭmūlāʹtion;L.;;;n.;50.0;203;stimulation
4;dĭgrĕſſion;;nbSyll>1 et pas d'accent tonic;;n.;28.0;70;digression
6;erădĭcāʹtion;;;;n.;11.0;83;eradication
2;băʹniſh;F.;;;v.;54.0;33;banish
3;gĕʹnĕr_o_us;L.;;;a.;29.0;97;generous
2;ĕndūʹe;;;;v.;19.0;81;endue
2;neʹphĕw;F.;;;n.;11.0;147;nephew
4;vōcĭʹfĕr_o_us;L.;;;a.;64.0;233;vociferous
4;impĕʹrvĭ_o_us;L.;;;a.;59.0;113;impervious
1;thrīve;;;;v.;73.0;213;thrive
4;sŏllĭʹcĭtor;;;;n.;63.0;198;sollicitor
2;rĭʹddle;;;;n.;2.0;185;riddle
4;cŏmpĕʹtitor;L.;;;n.;73.0;54;competitor
3;tĕʹrrĭble;;;;a.;28.0;212;terrible
5;dĕſpĕrāʹtion;;;;n.;47.0;68;desperation
3;pĕʹdăgog_ue_;G.;;;n.;73.0;158;pedagogue
2;tŭʹſcan;;;;n.;30.0;220;tuscan
3;măʹnūal;L.;;;a.;70.0;135;manual
1;ăft;;;;p.;6.0;23;aft
2;ly̆ʹmphā;G.;;;n.;59.0;133;lyompha
2;ſcrĭʹbble;;;;v.;41.0;191;scribble
4;nātĭʹvĭty;L.;;;n.;25.0;146;nativity
3;ăgreeʹment;;;;n.;36.0;23;agreement
3;ŭntīʹm_e_ly;;;;a.;72.0;232;untimely
2;ſwăʹddle;;;;v.;50.0;208;swaddle
2;nŏʹrthĕrn;;;;a.;38.0;148;northern
1;gāre;;;;n.;36.0;96;gare
2;presūʹme;;;;v.;57.0;168;presume
1;cōde;F.;;;n.;55.0;52;code
5;ămbŭlaʹtion;L.;;;n.;21.0;25;ambulation
2;fōr_e_teʹll;;;;v.;12.0;92;foretell
3;ăgĭʹſtment;L.;;;n.;27.0;23;agistment
4;imprŏʹbable;L.;;;a.;37.0;114;improbable
3;jăʹcŏbītes;;;;n.;8.0;110;jacobites
2;tŭʹrbŏt;;;;n.;11.0;220;turbot
2;lĕʹmon;;;;n.;31.0;129;lemon
2;tȳʹro;L.;;;n.;71.0;220;tyro
3;incĕʹptive;;;;n.;24.0;115;inceptive
2;tăʹngle;;;;n.;45.0;210;tangle
3;sŭʹffrāgăn;;;;n.;39.0;206;suffragan
2;brĭʹttle;;;;a.;25.0;41;brittle
3;ŭnheeʹded;;;;a.;23.0;229;unheeded
2;ſcīʹĕnce;L.;;;n.;68.0;190;science
3;căc_h_eʹxy;G.;;;n.;13.0;43;cachexy
3;ŭnēʹqual;;;;a.;15.0;228;unequal
5;elŏngāʹtion;L.;;;n.;53.0;79;elongation
1;quip;;;;n.;13.0;175;quip
1;ſway;;;;n.;62.0;208;sway
1;trĭll;;;;n.;42.0;218;trill
5;intĕrmĕʹdĭum;L.;;;n.;71.0;121;intermedium
3;ădvĕrtĭʹſe;L.;;;v.;29.0;22;advertise
3;văʹrĭ_o_us;L.;;;a.;55.0;221;various
1;ſplīce;;;;v.;23.0;201;splice
4;ănnīʹhĭlāte;L.;;;v.;54.0;26;annihilate
3;ŭndrīʹed;;;;a.;4.0;228;undried
3;lŏʹggĕrhead;;;;n.;9.0;132;loggerhead
3;ſtāʹgĭrīte;;;;n.;18.0;202;stagirite
1;_h_ȯu̇r;F.;;;n.;72.0;108;houor
2;ăʹngle;L.;;;n.;35.0;26;angle
1;hăſp;;;;n.;56.0;104;hasp
4;pătrĭăʹrc_h_āte;;;;n.;18.0;158;patriarchate
3;dĭsŏbeʹy;F.;;;v.;37.0;72;disobey
2;bētroʹth;;;;v.;7.0;37;betroth
2;rāʹkiſh;;;;a.;38.0;175;rakish
2;sŏʹfit;;;;n.;36.0;198;sofit
3;lĕʹthărgy;F.;;;n.;53.0;129;lethargy
2;prophāʹne;;;;n.;10.0;171;prophane
4;prē-ĕʹmĭnent;;;;a.;64.0;167;pre-eminent
5;sūpĕrĕʹmĭnent;;;;a.;11.0;207;supereminent
3;tympāʹnum;;;;n.;59.0;220;tympanum
3;ŭnpaiʹnted;;;;a.;52.0;230;unpainted
2;chĕʹrĭsh;F.;;;v.;8.0;49;cherish
2;nūʹdils;;;;n.;71.0;148;nudils
3;lauʹrėȧt;;;;n.;27.0;128;laureat
5;depūtāʹtion;F.;;;n.;9.0;68;deputation
2;woʹrmwood;;;;n.;64.0;239;wormwood
1;blĭʹſt_e_r;;;;n.;38.0;38;blister
2;flĭʹtting;;;;a.;20.0;90;flitting
1;ſoul;;;;n.;46.0;199;soul
2;lŏʹv_e_ly;;;;a.;49.0;132;lovely
4;conſtrĭʹction;L.;;;n.;57.0;57;constriction
4;hărpoʹcrătès;;;;n.;42.0;104;harpocrates
2;pŭʹlley;F.;;;n.;58.0;172;pulley
2;lĕʹntĭls;;;;n.;43.0;129;lentils
2;ſpĭʹrit;;;;v.;6.0;201;spirit
4;ĕfflorĕʹſcĕnce;;;;n.;55.0;78;efflorescence
1;glāze;;;;v.;62.0;98;glaze
3;ĕmbŏʹſſing;;;;n.;14.0;80;embossing
2;confīʹde;L.;;;v.;35.0;56;confide
2;wāʹf_e_r;;;;n.;8.0;235;wafer
1;ſpĕll;;;;n.;40.0;200;spell
2;оaʹk_e_n;;;;a.;5.0;149;oaken
3;opprĕʹſſor;;;;n.;33.0;152;oppressor
3;provīʹſo;;;;n.;5.0;172;proviso
3;tĕnĕʹbr_o_us;L.;;;a.;72.0;211;tenebrous
2;vĭʹllā;L.;;;n.;3.0;224;villa
3;rīʹ_gh_te_o_us;;;;a.;18.0;185;righteous
3;cŏʹnſtĭpāte;L.;;;v.;51.0;57;constipate
2;ăbāsʹe;F.;;;v.;7.0;19;abase
4;phĭlŏsŏʹphīze;G.;;;v.;73.0;161;philosophize
4;pŭʹlmŏnăry;L.;;;a.;59.0;172;pulmonary
4;obvĕʹntions;;;;n.;39.0;150;obventions
2;flyʹing;;;;n.;67.0;90;flying
3;chăʹmbĕrl_a_in;F.;;;n.;13.0;48;chamberlain
2;rēʹcăʹnt;;;;v.;40.0;177;recant
2;sĕʹmblănce;F.;;;n.;20.0;193;semblance
2;beʹlfry;;;;n.;3.0;36;belfry
1;gāze;;;;v.;3.0;97;gaze
2;măʹntlet;;;;n.;67.0;135;mantlet
2;băʹrro_w_;;;;n.;39.0;34;barrow
2;waʹrfāre;;;;n.;16.0;236;warfare
2;dŭʹſty;;;;a.;39.0;77;dusty
2;sīʹphon;;;;n.;50.0;195;siphon
3;protĕʹctor;F.;;;n.;51.0;171;protector
1;trīte;;;;a.;64.0;218;trite
2;wŏʹrdy;;;;a.;54.0;239;wordy
2;ſweeʹt_e_n;;;;v.;69.0;208;sweeten
3;rĕʹquĭsĭte;;;;n.;41.0;182;requisite
2;crīʹſis;G.;;;n.;73.0;61;crisis
2;wăʹttles;;;;n.;50.0;236;wattles
3;brĭgădeeʹr;F.;;;n.;7.0;41;brigadeer
1;tŭrk;;;;n.;16.0;220;turk
2;nŭʹtmĕg;;;;n.;26.0;149;nutmeg
3;ĕʹlĕgănce;L.;;;n.;29.0;79;elegance
5;illĭʹmĭtable;L.;;;a.;6.0;112;illimitable
1;pŭſh;;;;v.;51.0;173;push
2;drȳʹads;G.;;;n.;69.0;76;dryads
3;cŭʹrrĭer;L.;;;n.;39.0;63;currier
4;quotāʹtion;F.;;;n.;25.0;175;quotation
1;prāte;;;;v.;16.0;167;prate
2;lăʹndgrāve;;;;n.;29.0;127;landgrave
1;ſpread;;;;v.;45.0;201;spread
3;gallĭăʹrd;F.;;;n.;36.0;95;galliard
2;precēʹde;L.;;;v.;26.0;167;precede
3;endeaʹrment;;;;n.;13.0;81;endearment
1;_c_zar;;;;n.;8.0;64;czar
2;rĕʹchleſs;;;;a.;58.0;177;rechless
6;părlĭ_a_mĕʹntăry;;;;a.;12.0;157;parliamentary
2;cāʹter;;;;v.;58.0;46;cater
4;exhŏʹrtătive;;;;a.;56.0;85;exhortative
4;măhŏʹmĕtiſm;;;;n.;45.0;134;mahometism
2;fĭʹxed;;;;n.;26.0;89;fixed
1;tŏp;;;;n.;57.0;215;top
4;īdŏʹlăt_e_r;;;;n.;24.0;111;idolater
1;ſcrŭb;;;;n.;53.0;191;scrub
2;cŭʹtlets;F.;;;n.;63.0;63;cutlets
2;affe˘ʹct;L.;;;v.;50.0;22;affect
3;incrēāʹte;L.;;;a.;30.0;116;increate
1;lewd;;;;a.;70.0;129;lewd
4;cărnāʹtion;L.;;;n.;63.0;45;carnation
2;ăſſīʹze;;;;n.;72.0;30;assize
2;haiʹry;;;;a.;27.0;103;hairy
3;vĕʹrsĭcle;L.;;;n.;7.0;223;versicle
3;dĕʹntĭfrĭce;L.;;;n.;46.0;67;dentifrice
2;dĭſeaʹſe;F.;;;n.;59.0;71;disease
2;boʹn_e_lāce;;;;n.;25.0;39;bonelace
4;căʹtăc_h_rēʹſis;G.;;;n.;41.0;46;catachresis
1;quĭnce;;;;n.;3.0;175;quince
2;păʹnd_e_r;;;;n.;9.0;156;pander
1;vĕrb;;;;n.;47.0;222;verb
2;ŭntrŏʹd;;;;a.;7.0;233;untrod
2;găʹrgil;;;;n.;39.0;96;gargil
1;drówn;;;;v.;56.0;76;drown
1;fŏg;;;;n.;5.0;91;fog
2;cŏʹrner;;;;n.;53.0;59;corner
4;infăʹtūāte;L.;;;v.;23.0;118;infatuate
1;grĭg;;;;n.;49.0;101;grig
2;līʹbel;;;;n.;4.0;130;libel
2;intreaʹt;F.;;;v.;54.0;122;intreat
4;pănăcēʹā;G.;;;n.;4.0;156;panacea
2;eʹyrie;;;;n.;37.0;87;eyrie
2;dĭʹrty;;;;a.;67.0;70;dirty
1;mŏth;;;;n.;64.0;143;moth
1;dăm;;;;n.;18.0;64;dam
1;ſhrȯẇd;;;;v.;27.0;194;shrowd
1;ſcreen;;;;n.;39.0;191;screen
5;sŭffĭʹcĭency;;;;n.;37.0;206;sufficiency
3;ſoʹluble;;;;a.;70.0;198;soluble
3;sŭʹſcĭtate;L.;;;v.;32.0;208;suscitate
2;lūʹk_e_wărm;;;;a.;13.0;133;lukewarm
4;ănĭmaʹlcūle;L.;;;n.;45.0;26;animalcule
2;mĕʹdler;;;;n.;39.0;138;medler
3;lŏʹngĭtūde;L.;;;n.;23.0;132;longitude
4;ăʹrc_h_ĭtĕctūre;;;;n.;9.0;29;architecture
1;sīgn;;;;n.;62.0;194;sign
1;ſtĭnt;;;;v.;55.0;203;stint
4;immŏʹdĕrāte;L.;;;a.;8.0;113;immoderate
2;cĕʹnſ_e_r;L.;;;n.;36.0;47;censer
1;mooſe;;;;n.;24.0;143;moose
2;wĭʹcket;;;;n.;42.0;238;wicket
4;sĭgnĭʹfĭcant;L.;;;a.;68.0;194;significant
3;wăʹrrĕner;;;;n.;30.0;236;warrener
4;mĕdĭcăʹſt_e_r;L.;;;n.;29.0;138;medicaster
2;sŭʹck_e_r;;;;n.;24.0;206;sucker
2;mŏʹrtgage;F.;;;n.;50.0;143;mortgage
2;găʹrnet;;;;n.;46.0;96;garnet
3;hāʹrĭot;;;;n.;28.0;104;hariot
1;brawn;;;;n.;45.0;40;brawn
1;cōre;L.;;;n.;46.0;59;core
4;equĭʹvŏcal;L.;;;a.;7.0;83;equivocal
2;māʹnès;;;;n.;41.0;135;manes
2;flĕtcher;;nbSyll>1 et pas d'accent tonic;;n.;6.0;90;fletcher
5;cōĕſſĕʹntĭal;L.;;;a.;63.0;52;coessential
4;rēaʹlĭty;L.;;;n.;14.0;177;reality
5;inĭʹmĭtable;L.;;;a.;38.0;119;inimitable
4;mobĭʹlĭty;F.;;;n.;12.0;142;mobility
3;gĕʹnūĭne;;;;a.;53.0;97;genuine
2;jeoʹfail;;;;n.;37.0;111;jeofail
1;sōre;;;;a.;32.0;199;sore
5;incŏʹmpĕtency;L.;;;n.;71.0;115;incompetency
4;intĕʹmpĕrănce;L.;;;n.;27.0;121;intemperance
3;ænĭʹgma;;;;n.;45.0;22;ænigma
2;vĕʹrvaĭn;;;;n.;22.0;223;vervain
3;ōʹrĭſon;;;;n.;14.0;153;orison
4;prērŏʹgătive;L.;;;n.;32.0;168;prerogative
1;vȳe;;;;v.;27.0;235;vye
3;ŭnmĭʹngled;;;;a.;36.0;230;unmingled
3;elĭʹxĭr;;;;n.;44.0;79;elixir
2;ŭnheaʹrd;;;;a.;22.0;229;unheard
1;rŏt;;;;v.;38.0;186;rot
1;crĭb;;;;n.;63.0;61;crib
3;ăʹrbŏriſt;L.;;;n.;64.0;28;arborist
3;ăttaiʹnder;F.;;;n.;54.0;31;attainder
3;ĭʹmāg_e_ry;;;;n.;19.0;112;imagery
3;măʹrquĭſāte;F.;;;n.;43.0;136;marquisate
3;ovĕrthroʹ_w_;;;;v.;23.0;154;overthrow
1;tŭft;;;;n.;58.0;219;tuft
2;condī_g_n;L.;nbSyll>1 et pas d'accent tonic;;a.;16.0;56;condign
4;ūnĭvŏʹcal;;;;a.;61.0;229;univocal
4;notōʹrĭous;L.;;;a.;56.0;148;notorious
1;daunt;F.;;;v.;52.0;64;daunt
4;fĭxāʹtion;F.;;;n.;25.0;89;fixation
2;caʹrol;F.;;;n.;67.0;45;carol
1;bo_ugh_t;;;;v.;67.0;39;bought
2;eaʹgle;F.;;;n.;4.0;77;eagle
2;thrĭʹfty;;;;a.;71.0;213;thrifty
4;infraʹction;L.;;;n.;67.0;118;infraction
2;căʹmbric;;;;n.;15.0;44;cambric
5;mŭltĭplĭcāʹtor;;;;n.;53.0;144;multiplicator
2;mo_u_ʹrnful;;;;a.;18.0;144;mournful
1;flŭx;L.;;;n.;61.0;90;flux
4;făcĭʹlĭtāte;L.;;;v.;9.0;87;facilitate
2;lŏʹbbè.;;;;n.;56.0;131;lobbe
2;rŭʹſty;;;;a.;36.0;187;rusty
2;chăʹmois;F.;;;n.;16.0;48;chamois
2;lūʹsĕrn;;;;n.;38.0;133;lusern
1;gay;F.;;;a.;2.0;97;gay
5;expĕdĭʹtion;;;;n.;12.0;86;expedition
4;căʹpnŏmăncy;G.;;;n.;6.0;45;capnomancy
3;reʹſthărro_w_;;;;n.;32.0;183;restharrow
5;expĕrĭmĕʹntal;;;;a.;21.0;86;experimental
2;găʹrboil;F.;;;n.;32.0;96;garboil
1;pact;;;;n.;11.0;155;pact
4;ŏccĭdĕʹntal;;;;a.;48.0;150;occidental
4;pēnĭʹnsūlā;L.;;;n.;39.0;159;peninsula
2;dŭʹsky;;;;a.;37.0;77;dusky
2;ŏʹrphan;;;;n.;17.0;153;orphan
5;incăpāʹcitāte;;;;v.;15.0;115;incapacitate
1;whĕlm;;;;v.;60.0;237;whelm
2;amāʹze;;;;v.;71.0;24;amaze
4;minŏʹrĭty;;;;n.;60.0;140;minority
1;bring;;;;v.;16.0;41;bring
2;grȯu̇ʹndſel;;;;n.;17.0;102;grouondsel
1;wyche;;;;n.;42.0;240;wyche
4;intūʹitive;L.;;;a.;73.0;122;intuitive
4;bĭfăʹrĭ_o_us;L.;;;a.;29.0;37;bifarious
2;lăʹng_u_age;F.;;;n.;39.0;127;language
1;pair;F.;;;n.;25.0;155;pair
2;sĕʹquĕnce;;;;n.;72.0;193;sequence
2;aſcrīʹbe;L.;;;v.;21.0;30;ascribe
3;retrĕʹnchment;F.;;;n.;74.0;183;retrenchment
5;pĕrsŏnăʹlĭty;;;;n.;70.0;160;personality
4;lăndgrāʹvĭāte;;;;n.;30.0;127;landgraviate
5;apŏʹthĕcary;G.;;;n.;2.0;28;apothecary
1;mŭſt;;;;n.;28.0;145;must
4;contĭʹnūal;;;;a.;24.0;58;continual
4;commĭʹſſion;F.;;;n.;25.0;54;commission
2;cōʹ_u_rſes;;;;n.;61.0;60;courses
1;root;;;;n.;25.0;186;root
2;deſĕʹrve;L.;;;v.;32.0;68;deserve
2;oʹval;L.;;;n.;46.0;153;oval
3;fooʹlĕry;;;;n.;25.0;91;foolery
5;inĕʹxpĭable;L.;;;a.;6.0;118;inexpiable
2;dăʹngler;;;;n.;35.0;64;dangler
2;măʹrtĭn;;;;n.;56.0;136;martin
1;săſh;;;;n.;24.0;189;sash
3;gĕʹntl_e_man;;;;n.;48.0;97;gentleman
1;whĕlp;;;;n.;61.0;237;whelp
4;consŭʹm_p_tion;F.;;;n.;67.0;57;consumption
1;wī_gh_t;;;;n.;54.0;238;wight
2;bĕgeʹt;;;;v.;56.0;35;beget
2;vĭʹllage;;;;n.;4.0;224;village
2;_h_ŏʹſtage;F.;;;n.;62.0;108;hostage
2;cŏʹffin;;;;n.;70.0;52;coffin
3;cŏlŏnāʹde;;;;n.;45.0;53;colonade
4;cācŏʹc_h_ymy;G.;;;n.;16.0;43;cacochymy
2;sŭʹlly;F.;;;v.;51.0;206;sully
2;ŭnſhoʹrn;;;;a.;19.0;232;unshorn
3;imbŏʹlden;;;;v.;38.0;112;imbolden
4;peaʹc_e_abl_e_neſs;;;;n.;50.0;158;peaceableness
3;făʹcti_o_us;;;;a.;13.0;87;factious
4;omnĭʹſcĭĕnce;L.;;;n.;60.0;151;omniscience
5;intŏʹlĕrable;;;;a.;46.0;122;intolerable
2;cryʹſtal;G.;;;n.;56.0;62;crystal
2;dīʹver;;;;n.;14.0;74;diver
4;glădĭāʹtor;L.;;;n.;52.0;98;gladiator
4;illĭʹbĕrāl;L.;;;a.;3.0;112;illiberal
4;păralĭʹpſis;G.;;;n.;44.0;156;paralipsis
3;intrūʹd_e_r ;;;;n.;69.0;122;intruder 
2;băʹttle;F.;;;n.;66.0;34;battle
3;jăpănēʹſe;F.;;;n.;28.0;110;japanese
2;cŏlʹter;;;;n.;53.0;53;colter
3;pūʹrĭfy;;;;v.;24.0;173;purify
3;ăbĕʹttor;;;;n.;21.0;19;abettor
5;ăllēgŏʹrical;G.;;;a.;19.0;24;allegorical
3;dĭsfŏʹreſt;;;;v.;71.0;71;disforest
2;cŏʹllege;L.;;;n.;33.0;53;college
3;ăʹlcăhol;;;;n.;55.0;23;alcahol
5;antĭne˘phre˘ʹtics;G.;;;n.;29.0;27;antinephretics
3;frĭʹppĕry;F.;;;n.;66.0;93;frippery
1;twĭns;;;;n.;52.0;220;twins
3;pāʹtrŏnal;;;;a.;27.0;158;patronal
2;thēʹmis;;;;n.;6.0;213;themis
3;ale-cŏnner;;nbSyll>1 et pas d'accent tonic;;n.;64.0;23;ale-conner
2;expăʹnd;L.;;;v.;2.0;86;expand
3;mŭʹltĭply;;;;v.;55.0;144;multiply
3;sĕʹntĭment;F.;;;n.;55.0;193;sentiment
2;leaʹther;;;;n.;66.0;128;leather
3;pĭʹllĭon;;;;n.;60.0;162;pillion
4;căpĭʹllăry;L.;;;a.;73.0;44;capillary
2;cŭʹtt_e_r;;;;n.;65.0;63;cutter
1;frŏth;;;;n.;14.0;94;froth
4;trīlăʹtĕral;L.;;;a.;41.0;218;trilateral
1;ſtŭff;;;;n.;18.0;205;stuff
4;debĭʹlĭty;F.;;;n.;22.0;65;debility
2;sŭʹrnāme;;;;n.;14.0;208;surname
3;cŏrrĕſpoʹnd;F.;;;v.;73.0;59;correspond
2;crăʹck_e_r;;;;n.;12.0;61;cracker
2;raiʹndeer;;;;n.;32.0;175;raindeer
5;inĕrgĕʹtĭcal;L.;;;a.;69.0;117;inergetical
4;brūtăʹlĭty;L.;;;n.;56.0;41;brutality
2;rōʹpy;;;;a.;27.0;186;ropy
4;trăpĕʹzĭum;G.;;;n.;44.0;217;trapezium
1;jaunt;F.;;;n.;3.0;111;jaunt
3;thēʹŏry;G.;;;n.;19.0;213;theory
1;ſcāte;;;;n.;41.0;190;scate
5;ăbnegātion;L.;nbSyll>1 et pas d'accent tonic;;n.;35.0;19;abnegation
3;ăʹrſĕnic;;;;n.;65.0;29;arsenic
2;tĕʹnthly;;;;p.;12.0;212;tenthly
2;imprīʹme;;;;v.;32.0;114;imprime
3;plūvĭal;L.;nbSyll>1 et pas d'accent tonic;;a.;59.0;164;pluvial
2;vīʹc_e_roy;F.;;;n.;53.0;223;viceroy
2;eʹqual;L.;;;a.;55.0;82;equal
1;rīce;;;;n.;66.0;184;rice
2;ŭnkĭʹng;;;;v.;66.0;229;unking
2;quaʹrt_e_r;;;;n.;35.0;174;quarter
2;maʹllo_w_s;;;;n.;18.0;135;mallows
2;goaʹtherd;;;;n.;49.0;99;goatherd
1;făg;;;;n.;22.0;87;fag
2;sȳʹd_e_r;;;;n.;24.0;209;syder
2;fooʹtſtep;;;;n.;33.0;91;footstep
2;raʹlly;F.;;;v.;40.0;175;rally
3;revĭʹſit;;;;v.;35.0;184;revisit
4;mĕllĭʹflūĕnt;L.;;;a.;58.0;138;mellifluent
4;ărtĭʹcŭlāte;L.;;;a.;72.0;29;articulate
1;hōpe;;;;n.;32.0;108;hope
3;ăʹmūlet;L.;;;n.;61.0;25;amulet
2;jaʹckal;;;;n.;5.0;110;jackal
3;tr_o_ŭʹbl_e_sŏme;;;;a.;17.0;219;troublesome
2;ſtŭʹmble;;;;v.;20.0;205;stumble
7;bēătĭfĭcāʹtion;L.;;;n.;25.0;35;beatification
2;ſeeʹdy;;;;a.;69.0;192;seedy
2;ăʹnſ_w_ĕr;;;;v.;72.0;26;answer
4;dīocēʹſan;F.;;;n.;53.0;70;diocesan
3;găʹllăntry;F.;;;n.;33.0;95;gallantry
4;medŭʹllăry;L.;;;a.;41.0;138;medullary
1;lĕnd;;;;v.;33.0;129;lend
5;annŏtāʹtion;L.;;;n.;57.0;26;annotation
1;bŭdge;F.;;;n.;69.0;41;budge
3;sŭbdĭvīʹde;;;;v.;46.0;205;subdivide
4;ănăʹthĕmā;G.;;;n.;11.0;26;anathema
4;remăʹrkable;L.;;;a.;64.0;180;remarkable
2;fŏʹther;;;;n.;57.0;92;fother
2;fĭʹzgig;;;;n.;28.0;89;fizgig
3;c_h_ry̆ʹsălis;;;pas de {POS} indiquée dans le dictionnaire.;;3.0;50;chryosalis
5;fūʹmĭgāʹtion;;;;n.;56.0;94;fumigation
3;r_h_ăʹpsŏdy;G.;;;n.;49.0;184;rhapsody
3;impeaʹchment;;;;n.;37.0;113;impeachment
2;ſpĕʹndthriſt;;;;n.;43.0;200;spendthrist
2;erŭʹct;L.;;;v.;30.0;83;eruct
3;decĭʹsĭve;F.;;;a.;49.0;65;decisive
1;hīnd;;;;n.;22.0;107;hind
4;rogāʹtion;L.;;;n.;7.0;186;rogation
2;rēpĕʹl;L.;;;v.;54.0;181;repel
2;tĭʹnklĭng;;;;n.;68.0;214;tinkling
2;refrăʹct;;;;v.;35.0;179;refract
4;impāʹtient;;;;a.;34.0;113;impatient
4;provĭʹncĭal;;;;a.;2.0;172;provincial
1;grŭdge;;;;n.;22.0;102;grudge
3;ŭnlaʹwful;;;;a.;3.0;230;unlawful
4;cy̆năʹnthrŏpy;;;;n.;2.0;64;cyonanthropy
2;hĕʹrdſman;;;;n.;28.0;106;herdsman
2;bēfrieʹnd;;;;v.;54.0;35;befriend
2;mătt_e_r;;nbSyll>1 et pas d'accent tonic;;n.;41.0;137;matter
4;g_u_ăʹrdĭănſhip;;;;n.;30.0;102;guardianship
1;ſtănch;;;;v.;35.0;202;stanch
2;răʹth_e_r;;;;p.;51.0;176;rather
3;căʹſsĭā;L.;;;n.;27.0;46;cassia
4;fŭngŏʹsĭty;L.;;;n.;64.0;94;fungosity
2;r_h_ŏʹmbus;;;;n.;59.0;184;rhombus
1;teal;;;;n.;25.0;211;teal
2;gauʹdies;;;;n.;64.0;96;gaudies
2;infĕʹr;;;;v.;32.0;118;infer
2;daiʹry;;;;n.;12.0;64;dairy
3;iʹgne_o_us;L.;;;a.;54.0;111;igneous
4;iʹmplĕments;;;;n.;69.0;113;implements
2;mărquis;F.;nbSyll>1 et pas d'accent tonic;;n.;42.0;136;marquis
2;māʹny;;;;a.;7.0;136;many
5;dĭmĭʹnūtion;;;;n.;42.0;70;diminution
3;rēĭnvĕʹſt;;;;v.;28.0;180;reinvest
1;tȯu̇r;;;;n.;16.0;216;touor
3;ŏʹvĕrboard;;;;p.;55.0;153;overboard
2;phīʹal;G.;;;n.;64.0;161;phial
3;vōʹtăry;L.;;;n.;22.0;234;votary
2;eʹrrănt;L.;;;a.;24.0;83;errant
3;oblĭgeʹe;;;;n.;32.0;149;obligee
2;īʹrĭs;;;;n.;12.0;124;iris
2;ſhŏʹrt_e_n;;;;v.;4.0;194;shorten
2;pōʹtĕnt;L.;;;a.;54.0;166;potent
4;rĕfĕʹrable;;;;a.;21.0;179;referable
3;lūʹcŭlĕnt;L.;;;a.;6.0;133;luculent
3;becŏʹming;;;;a.;35.0;35;becoming
2;sŭpplăʹnt;;;;v.;44.0;207;supplant
5;expĕdĭʹti_o_us;;;;a.;13.0;86;expeditious
1;trŭck;F.;;;n.;27.0;219;truck
3;cȯu̇ʹnsĕllor;;;;n.;40.0;60;couonsellor
2;efcheʹw;F.;;;v.;40.0;83;efchew
1;crūſe;;;;n.;48.0;62;cruse
2;ăbyʹſs;G.;;;n.;32.0;20;abyss
3;adʹvȯẇeeʹ;F.;;;n.;40.0;22;advowee
3;etĕrnīʹze;;;;v.;71.0;83;eternize
1;preach;;;;v.;21.0;167;preach
3;ŭnwĭʹſhed;;;;a.;42.0;233;unwished
1;dĭſk;;;;n.;24.0;72;disk
3;sŭʹffōcāte;L.;;;v.;38.0;206;suffocate
4;mĭsĭntĕʹrpret;L.;;;v.;34.0;141;misinterpret
1;yeaſt;;;;n.;15.0;240;yeast
2;ſpăʹrkiſh;;;;a.;73.0;199;sparkish
3;ūʹnĭfŏrm;L.;;;a.;34.0;229;uniform
4;incŭʹrſion;L.;;;n.;50.0;116;incursion
3;ăbŏʹrtive;;;;a.;7.0;20;abortive
1;pea;;;;n.;47.0;158;pea
2;prĕfĕʹr;L.;;;v.;72.0;167;prefer
1;ſhŏrt;;;;a.;3.0;194;short
3;cĕʹlĕbrāte;L.;;;v.;23.0;47;celebrate
4;vĭcāʹrĭ_o_us;L.;;;n.;50.0;223;vicarious
4;ŭnresĕʹrved;;;;a.;44.0;231;unreserved
4;defŏrmĭty;;nbSyll>1 et pas d'accent tonic;;n.;44.0;66;deformity
4;gŏvĕrnăʹntè;F.;;;n.;26.0;100;governante
2;ſpīʹk_e_nărd;L.;;;n.;60.0;200;spikenard
2;văʹlo_u_r;F.;;;n.;30.0;221;valour
2;bēſtreʹw;;;;v.;70.0;36;bestrew
4;vŭʹlnĕrăry;;;;a.;22.0;235;vulnerary
1;gĭll;;;;n.;28.0;98;gill
4;rāʹdĭcāted;;;;a.;16.0;175;radicated
4;ăc_k_nŏ_w_lĕdgment;;nbSyll>1 et pas d'accent tonic;;n.;4.0;21;acknowledgment
1;walk;;;;n.;37.0;235;walk
3;dĭʹlĭgĕnce;L.;;;n.;34.0;70;diligence
3;mūſėʹu̇m;;;;n.;18.0;145;museuom
1;păſs;F.;;;n.;50.0;157;pass
4;pĕrfĭʹdĭ_o_us;L.;;;a.;9.0;160;perfidious
2;peaʹrmain;;;;n.;59.0;158;pearmain
3;maiʹd_e_nhead;;;;n.;50.0;134;maidenhead
1;boil;;;;v.;7.0;39;boil
1;rĕnt;;;;n.;32.0;181;rent
4;inquĭʹsĭʹtive;;;;a.;12.0;120;inquisitive
1;ſpeck;;;;n.;27.0;200;speck
5;irrĕlĭʹgĭ_o_us;;;;a.;26.0;124;irreligious
2;ſtrāʹtā;L.;;;n.;42.0;204;strata
2;rĕceiʹ_p_t;L.;;;n.;45.0;177;receipt
1;bŭſh;;;;n.;54.0;42;bush
2;yeaʹrly;;;;a.;13.0;240;yearly
6;consĭdĕrāʹtion;;;;n.;29.0;57;consideration
1;quīre;;;;n.;14.0;175;quire
2;quīʹet;;;;n.;65.0;174;quiet
2;fĕſtooʹn;;;;n.;5.0;88;festoon
3;cŏʹzĕnage;;;;n.;8.0;61;cozenage
2;ŭnpĕʹg;;;;v.;58.0;230;unpeg
6;extrāpărŏʹc_h_ĭal;L.;;;a.;16.0;87;extraparochial
2;fleeʹting;;;;a.;2.0;90;fleeting
1;kay;;;;n.;7.0;125;kay
4;găbĭŏnāʹde;F.;;;n.;5.0;95;gabionade
4;alăʹcrĭty;;;;n.;49.0;23;alacrity
2;fæʹces;L.;;;n.;21.0;87;fæces
2;peʹwter;;;;n.;49.0;161;pewter
2;treʹſſel;;;;n.;13.0;218;tressel
3;pŏʹlĭtic;;;;a.;19.0;165;politic
4;ăſſyʹmetry;G.;;;n.;31.0;31;assymetry
2;f_o_ēʹtus;L.;;;n.;4.0;91;foetus
3;pūʹrĭtans;;;;n.;27.0;173;puritans
3;ăʹvĕry;;;;n.;24.0;32;avery
2;pūʹling;;;;a.;54.0;172;puling
2;waʹrd_e_r;;;;n.;14.0;236;warder
3;dĭʹttăny;;;;n.;8.0;74;dittany
2;prĭʹckly;;;;a.;11.0;169;prickly
3;ăſtȯu̇ʹnded;;;;a.;18.0;31;astouonded
4;ădămăʹntĭne;L.;;;a.;35.0;21;adamantine
3;păʹrtnĕrſhip;;;;n.;44.0;157;partnership
3;impăʹnnel;;;;v.;24.0;113;impannel
4;impăʹtronīze;;;;v.;35.0;113;impatronize
2;phăʹlănx;G.;;;n.;53.0;161;phalanx
3;cohăʹbit;L.;;;v.;7.0;53;cohabit
2;cŏʹttage;;;;n.;24.0;60;cottage
4;ſollĭʹcĭtūde;;;;n.;65.0;198;sollicitude
1;mead;;;;n.;69.0;137;mead
2;pĭʹncers;F.;;;n.;71.0;162;pincers
3;sŭrveʹyer;;;;n.;27.0;208;surveyer
2;băʹnkrŭpt;L.;;;n.;58.0;33;bankrupt
4;ſedĭʹtion;L.;;;n.;59.0;192;sedition
5;ăcquĭſĭʹtion;L.;;;n.;12.0;21;acquisition
2;pŭʹblic;;;;n.;33.0;172;public
5;ŏccāʹſional;;;;a.;45.0;150;occasional
3;tĕʹrĭfy;;;;v.;31.0;212;terify
2;sēʹmĕn;L.;;;n.;21.0;193;semen
3;cŏnnīʹvance;;;;n.;8.0;57;connivance
2;trīʹton;G.;;;n.;66.0;218;triton
5;hăbĭtāʹtion;;;;n.;8.0;103;habitation
4;mŏnŏʹpŏlīze;G.;;;v.;6.0;143;monopolize
5;incĕʹndĭăry;L.;;;n.;20.0;115;incendiary
3;mūʹtĭn_o_us;;;;a.;40.0;145;mutinous
3;prŏʹvĭdent;;;;a.;71.0;171;provident
2;tŭʹſhes;;;;n.;31.0;220;tushes
2;măʹxim;L.;;;n.;60.0;137;maxim
7;elėėmŏʹfy̆nary;G.;;;a.;28.0;79;eleemofyonary
4;sŭbſcrĭʹption;;;;n.;3.0;206;subscription
2;păʹſtĕrn;F.;;;n.;65.0;157;pastern
4;dĭſpūʹtable;;;;a.;68.0;72;disputable
4;prē-ĕngāʹged;F.;;;a.;66.0;167;pre-engaged
3;pleiʹădĕs;G.;;;n.;26.0;164;pleiades
1;sāne;;;;a.;70.0;188;sane
3;infăʹntè;;;;n.;21.0;118;infante
2;sŭʹffrage;;;;n.;40.0;206;suffrage
3;ŏʹccūpănt;;;;n.;52.0;150;occupant
2;lŭʹbb_e_r;;;;n.;65.0;132;lubber
3;fŏʹrcĭble;;;;a.;42.0;91;forcible
2;freeʹdom;;;;n.;32.0;93;freedom
1;brain;;;;n.;29.0;40;brain
5;ſtĕrēŏʹtŏmy;;;;n.;24.0;203;stereotomy
4;pavĭʹllĭon;F.;;;n.;37.0;158;pavillion
2;оʹk_e_r;;;;n.;36.0;151;oker
3;măʹnăcl_e_s;F.;;;n.;27.0;135;manacles
4;inſpĕʹction;L.;;;n.;46.0;120;inspection
2;clŭʹtches;;;;n.;28.0;52;clutches
6;inĕxūʹpĕrable;;;;a.;13.0;118;inexuperable
4;ŭnprŏnȯu̇ʹnced;;;;a.;13.0;231;unpronouonced
5;prŏsŏpŏp_o_ēʹā;;;;n.;39.0;171;prosopopoea
1;wheeze;;;;v.;59.0;237;wheeze
3;măʹncĭpāte;;;;v.;32.0;135;mancipate
2;quĕʹſtor;L.;;;n.;57.0;174;questor
5;rosĕcrūʹcĭăns;;;;n.;32.0;186;rosecrucians
1;mŭck;;;;n.;26.0;144;muck
5;lĕvĭgāʹtion;L.;;;n.;65.0;129;levigation
2;āmŏʹrt;F.;;;a.;47.0;25;amort
3;travāʹdo;;;;n.;47.0;217;travado
3;līʹk_e_lĭneſs;;;;n.;46.0;130;likeliness
3;elūʹſive;L.;;;a.;62.0;79;elusive
1;wīpe;;;;v.;4.0;239;wipe
1;ſlāte;;;;n.;37.0;196;slate
3;ŭnſtaʹyed;;;;a.;36.0;232;unstayed
2;bŏʹttŏm;;;;n.;61.0;39;bottom
2;hoʹbit;;;;n.;54.0;107;hobit
1;grīpes;;;;n.;61.0;101;gripes
1;prŏmpt;;;;v.;64.0;170;prompt
3;mŏʹckĕry;;;;n.;15.0;142;mockery
1;ſmăck;;;;n.;21.0;197;smack
5;recrĭmĭnāʹtor;;;;n.;37.0;178;recriminator
3;mŭʹrrĭon;;;;n.;10.0;145;murrion
2;flūʹent;L.;;;a.;47.0;90;fluent
2;ŭnboʹrn;;;;a.;13.0;226;unborn
5;nĕgōtiāʹtor;;;;n.;73.0;146;negotiator
3;cŏʹffĕrer;;;;n.;69.0;52;cofferer
4;infĭʹrmăry;F.;;;n.;46.0;118;infirmary
2;blīndnefs;;nbSyll>1 et pas d'accent tonic;;n.;32.0;38;blindnefs
2;ſeʹcant;;;;n.;31.0;192;secant
1;pŏʹliſh;L.;;;v.;15.0;165;polish
3;ŭnhōʹp_e_ful;;;;a.;29.0;229;unhopeful
1;trŏt;F.;;;n.;13.0;219;trot
3;ăʹpĕrtūre;L.;;;n.;54.0;27;aperture
1;rail;;;;n.;28.0;175;rail
3;ſtāʹtion;L.;;;n.;61.0;202;station
2;cŏʹllar;;;;n.;25.0;53;collar
1;mŭll;;;;v.;44.0;144;mull
3;loʹ_w_lĭneſs;;;;n.;57.0;132;lowliness
2;bĭʹlboes;;;;n.;38.0;37;bilboes
3;rĕʹcĭpè;;;;n.;59.0;177;recipe
3;hăʹrdĭneſs;;;;n.;18.0;104;hardiness
2;ȯu̇tſtrĭʹp;;;;v.;63.0;154;ouotstrip
1;myrr_h_;;;;n.;53.0;145;myrrh
1;free;;;;a.;29.0;93;free
2;rĕmŏʹrſe;L.;;;n.;11.0;181;remorse
2;prēpūʹce;L.;;;n.;31.0;168;prepuce
2;cŏʹral;F.;;;n.;40.0;59;coral
3;hăʹrmŏny;G.;;;n.;36.0;104;harmony
3;tĕʹſtāmĕnt;L.;;;n.;38.0;212;testament
1;ſphēre;G.;;;n.;47.0;200;sphere
2;băttooʹn;F.;;;n.;71.0;34;battoon
2;inſcrīʹbe;;;;v.;22.0;120;inscribe
1;_w_ry;;;;a.;40.0;240;wry
2;evĭʹnce;;;;v.;34.0;84;evince
1;thaw;;;;v.;72.0;212;thaw
4;pĕrſpĭʹcūous;;;;a.;4.0;161;perspicuous
4;lĭbāʹtion;;;;n.;3.0;130;libation
4;cĭrcŭʹmferënce;L.;;;n.;45.0;50;circumference
4;ătrōʹci_o_us;L.;;;a.;46.0;31;atrocious
2;rŭʹffles;;;;n.;4.0;187;ruffles
2;sĭʹlly;;;;a.;7.0;195;silly
3;bŭʹſineſs (bĭzzĭneſs);;;Aide à la {pron}.;n.;56.0;42;business bizziness
3;ăppĕʹllant;L.;;;n.;14.0;28;appellant
1;tall;;;;a.;24.0;210;tall
5;illĕʹvĭable;;;;a.;2.0;112;illeviable
2;eiʹ_gh_ty;;;;n.;3.0;79;eighty
2;rēb_u_ĭʹld;;;;v.;36.0;177;rebuild
3;lĭʹtăny;G.;;;n.;23.0;131;litany
4;ſagāʹcĭ_o_us;;;;a.;2.0;188;sagacious
3;reſtrĭʹngent;;;;a.;45.0;183;restringent
3;caʹlvĭniſts;;;;n.;8.0;44;calvinists
2;cŏʹnſtănt;L.;;;a.;48.0;57;constant
2;līʹv_e_ly;;;;a.;40.0;131;lively
4;hĕʹmĭcycle;G.;;;n.;4.0;106;hemicycle
5;inĕxpĕʹrĭence;L.;;;n.;5.0;118;inexperience
2;măʹnĭple;;;;n.;57.0;135;maniple
2;crēʹdĕnce;L.;;;n.;39.0;61;credence
2;ĕnsūeʹ;;;;v.;61.0;81;ensue
2;cieʹling;F.;;;n.;25.0;50;cieling
2;nīʹsŭs;L.;;;n.;62.0;147;nisus
2;prōʹem;;;;n.;13.0;170;proem
3;ăʹctūal;F.;;;a.;28.0;21;actual
3;hăʹbĕrdīne;;;;n.;3.0;103;haberdine
2;cīʹph_e_r;L.;;;n.;36.0;50;cipher
3;dĭſtrŭʹſtful;;;;a.;68.0;73;distrustful
5;amphĭtheʹatre;G.;;;n.;55.0;25;amphitheatre
4;sŏdāʹlĭty;;;;n.;29.0;198;sodality
2;quīʹlets;;;;n.;68.0;174;quilets
2;auʹſtral;L.;;;a.;55.0;32;austral
1;oaʹkăm;;;;n.;4.0;149;oakam
4;cŏʹnfŏrmable;;;;a.;50.0;56;conformable
5;vĭʹsĭonăry;F.;;;n.;58.0;224;visionary
2;theʹr_e_fore;;;;p.;21.0;213;therefore
5;cŏrŏnāʹtion;L.;;;n.;60.0;59;coronation
2;sĭʹſtrŭm;;;;n.;60.0;195;sistrum
4;emŏʹllĭĕnt;L.;;;a.;38.0;80;emollient
2;ŭʹrchin;;;;n.;50.0;234;urchin
3;chăʹtĕlan;;;;n.;66.0;48;chatelan
4;săngŭĭʹflū_o_us;L.;;;a.;72.0;188;sanguifluous
5;delĕctāʹtion;L.;;;n.;66.0;66;delectation
3;cȯu̇ʹnterſcărp;;;;n.;49.0;60;couonterscarp
3;sĭgnāʹtūre;L.;;;n.;65.0;194;signature
3;mŏʹnŏc_h_ord;G.;;;n.;2.0;143;monochord
2;găʹrniſh;F.;;;n.;47.0;96;garnish
2;incīʹte;L.;;;v.;45.0;115;incite
2;reaʹſon;F.;;;n.;22.0;177;reason
2;ſtrĭʹplĭng;;;;n.;70.0;204;stripling
2;trĭʹmmer;;;;n.;44.0;218;trimmer
2;wĭʹtchcrăft;;;;n.;11.0;239;witchcraft
4;cŏʹnſcĭonable;L.;;;n.;16.0;57;conscionable
4;indĕʹcĕncy;L.;;;n.;56.0;116;indecency
2;mĕʹrry;;;;a.;32.0;139;merry
3;bĕʹnĕfit;;;;n.;32.0;36;benefit
2;ŏʹffĭce;L.;;;n.;18.0;151;office
1;ſpawn;;;;n.;14.0;200;spawn
4;tarăʹntūlā;;;;n.;59.0;210;tarantula
4;impūʹrĭty;L.;;;n.;58.0;114;impurity
4;incŏʹrpŏrāte;L.;;;v.;21.0;116;incorporate
1;pīke;F.;;;n.;48.0;162;pike
4;panĕgy̆ʹriſt;;;;n.;14.0;156;panegyorist
4;pĕrcĕʹption;;;;n.;71.0;159;perception
3;pūdĕʹndā;L.;;;n.;42.0;172;pudenda
1;tĭlt;;;;n.;50.0;214;tilt
2;levăʹnt;;;;n.;58.0;129;levant
1;flaunt;;;;v.;62.0;89;flaunt
1;măp;L.;;;n.;8.0;136;map
2;cīʹmā;;;;n.;26.0;50;cima
1;swăp;;;;v.;57.0;208;swap
2;ſcȯu̇ʹndrel;;;;n.;22.0;191;scouondrel
5;defălcāʹtion;L.;;;n.;15.0;66;defalcation
3;ăʹnchŏvy;;;;n.;21.0;26;anchovy
2;cŏmplŏʹt;F.;;;v.;20.0;55;complot
1;or;;;;n.;45.0;152;or
2;tŭʹrtle;F.;;;n.;29.0;220;turtle
3;obsĕʹrvănt;L.;;;a.;16.0;150;observant
3;ĕʹnĕmā;;;;n.;21.0;81;enema
2;ĭʹnky;;;;a.;55.0;119;inky
2;păʹnic;;;;n.;16.0;156;panic
5;iʹntĕrlūde;L.;;;n.;68.0;121;interlude
2;betweʹen;;;;p.;8.0;37;between
1;bŭn;;;;n.;30.0;42;bun
6;irrĕsŏlūʹtion;;;;n.;33.0;124;irresolution
2;sŏʹphiſt;;;;n.;23.0;199;sophist
2;sĭʹrnāme;;;;n.;56.0;195;sirname
1;ſaw;;;;n.;68.0;189;saw
2;nĭʹnny;;;;n.;56.0;147;ninny
1;naif;F.;;;a.;8.0;145;naif
2;băʹc_h_us;;;;n.;7.0;33;bachus
2;măʹrten;;;;n.;54.0;136;marten
4;merĭʹdĭan;;;;n.;26.0;139;meridian
3;rĕdŭʹndănt;;;;a.;6.0;179;redundant
2;mĕʹtal;;;;n.;43.0;139;metal
2;ĕʹngīne;F.;;;n.;31.0;81;engine
4;ŏntŏʹlŏgy;;;;n.;69.0;151;ontology
4;ĕpĭʹphŏrā;G.;;;n.;39.0;82;epiphora
2;ăcquĭʹſts;;;;n.;13.0;21;acquists
2;nīʹghtſhāde;;;;n.;48.0;147;nightshade
3;ŭndĕrrāʹte;;;;v.;49.0;227;underrate
2;flȯʹẇer;F.;;;n.;42.0;90;flower
4;ăffĭdāʹvit;;;;n.;57.0;22;affidavit
3;hăʹppĭneſs;;;;n.;10.0;104;happiness
1;răſp;;;;n.;44.0;176;rasp
3;intĕrleaʹve;;;;v.;60.0;121;interleave
4;răpāʹcĭ_o_us;;;;a.;23.0;176;rapacious
1;drŭb;;;;v.;58.0;76;drub
3;thĭʹthĕrward;;;;p.;44.0;213;thitherward
3;prīʹŏreſs;F.;;;n.;37.0;169;prioress
3;tĕʹſtĭfy;L.;;;v.;47.0;212;testify
3;elāʹted;;;;a.;12.0;79;elated
1;ſcold;;;;v.;6.0;191;scold
2;iʹngrĕſs;L.;;;n.;17.0;119;ingress
5;authŏʹrĭtătive;;;;a.;58.0;32;authoritative
4;ŭnbrīʹdled;;;;a.;20.0;226;unbridled
1;plŏt;F.;;;n.;40.0;164;plot
2;ănnĕʹx;L.;;;v.;53.0;26;annex
4;antĭʹthe˘ſis;G.;;;n.;41.0;27;antithesis
3;ŏʹvĕrbid;;;;v.;54.0;153;overbid
3;sŭbjāʹcent;L.;;;a.;48.0;205;subjacent
1;pap;;;;n.;27.0;156;pap
5;rĕſtĭtūʹtion;L.;;;n.;34.0;183;restitution
4;mĕmŏrable;;nbSyll>1 et pas d'accent tonic;;a.;71.0;138;memorable
1;pyx;G.;;;n.;72.0;173;pyx
3;măʹrvĕl_o_us;;;;a.;63.0;136;marvelous
3;ovĕrwhĕʹlm;;;;v.;30.0;154;overwhelm
4;mĕʹrcĕnăry;L.;;;n.;16.0;139;mercenary
1;pĭg;;;;n.;43.0;162;pig
3;profāʹn_e_neſs;;;;n.;16.0;170;profaneness
2;jĕʹrg_u_er;;;;n.;39.0;111;jerguer
6;măchĭavĭʹlĭan;;;;a.;4.0;134;machiavilian
4;plāʹgĭăriſm;;;;n.;52.0;163;plagiarism
3;ŭnlāʹd_e_n;;;;a.;73.0;229;unladen
1;sŏft;;;;a.;37.0;198;soft
2;bŏro_ugh_;;nbSyll>1 et pas d'accent tonic;;n.;50.0;39;borough
2;hăʹrăſs;;;;v.;13.0;104;harass
1;frĭfk;;;;v.;67.0;93;frifk
2;lauʹdable;L.;;;a.;18.0;128;laudable
2;boʹ_w_yer;;;;n.;11.0;40;bowyer
3;căʹrăvăʹn;;;;n.;30.0;45;caravan
3;vĕʹrbĕrāte;;;;v.;50.0;222;verberate
5;ŭndenīʹable;;;;a.;33.0;227;undeniable
1;link;;;;n.;71.0;130;link
4;ŭncĭʹrcŭmſpĕct;L.;;;a.;44.0;226;uncircumspect
5;trănſmĭgrāʹtion;L.;;;n.;18.0;217;transmigration
1;praiſe;F.;;;n.;13.0;167;praise
3;bŏʹckĕnel;;;;n.;72.0;38;bockenel
4;extĭʹnction;;;;n.;3.0;87;extinction
3;prāʹvĭty;;;;n.;18.0;167;pravity
4;ŭnrīʹvaled;;;;a.;56.0;231;unrivaled
4;reaʹsŏnable;;;;a.;23.0;177;reasonable
1;waiſt;;;;n.;26.0;235;waist
1;googe;;;pas de {POS} indiquée dans le dictionnaire.;;3.0;100;googe
2;jeʹwel;;;;n.;50.0;111;jewel
3;ŭndĕrsĕʹll;;;;v.;50.0;227;undersell
2;tĕʹtrărc_h_;;;;n.;56.0;212;tetrarch
4;tȳrăʹnnīze;L.;;;v.;68.0;220;tyrannize
4;ŭndĭvīʹded;;;;a.;72.0;227;undivided
3;sy̆ʹcŏphănt;G.;;;n.;23.0;209;syocophant
3;ĕʹquable;;;;a.;54.0;82;equable
6;ŭnāʹlĭĕnable;;;;a.;43.0;225;unalienable
2;pōʹlar;L.;;;n.;11.0;165;polar
5;inăʹppĕtĕncy;L.;;;n.;3.0;115;inappetency
3;mālecŏntents;L.;nbSyll>1 et pas d'accent tonic;;n.;72.0;134;malecontents
1;corn;;;;n.;51.0;59;corn
3;būcŏʹlics;G.;;;n.;67.0;41;bucolics
1;plaint;;;;n.;57.0;163;plaint
5;nŏnagĕʹsĭmal;L.;;;n.;17.0;148;nonagesimal
1;fy;;;;p.;27.0;95;fy
1;jōve;;;;n.;69.0;123;jove
1;tĕn;;;;n.;60.0;211;ten
4;lĕntĭʹcūlā;;;;n.;41.0;129;lenticula
1;loom;;;;n.;27.0;132;loom
1;ſnail;;;;n.;53.0;197;snail
3;cŭʹrsĭtor;;;;n.;43.0;63;cursitor
6;trănsfĭgŭrāʹtion;;;;n.;72.0;216;transfiguration
2;tūʹ_e_ſday;;;;n.;57.0;219;tuesday
2;fōʹr_e_tāſte;;;;n.;10.0;92;foretaste
5;gĕnĕrāʹtion;;;;n.;26.0;97;generation
3;apŏʹſtāte;G.;;;n.;70.0;27;apostate
1;twīne;;;;n.;48.0;220;twine
2;bŭʹllfĭnch;;;;n.;12.0;42;bullfinch
1;_w_reak;;;;v.;14.0;240;wreak
2;demuʹr;F.;;;v.;30.0;67;demur
3;sŏʹldĭer;;;;n.;47.0;198;soldier
2;mŭʹggy;;;;a.;37.0;144;muggy
4;dĭſpāʹrĭty;F.;;;n.;43.0;72;disparity
3;demeaʹno_u_r;;;;n.;18.0;67;demeanour
2;sĕʹnate;L.;;;n.;34.0;193;senate
3;ăbĕʹtment;;;;n.;20.0;19;abetment
3;prŏʹmptĭtūde;;;;n.;66.0;170;promptitude
3;incĕʹntĭve;L.;;;n.;23.0;115;incentive
1;realm;;;;n.;16.0;177;realm
2;heeʹdleſs;;;;a.;49.0;105;heedless
2;mȯu̇ʹldy;;;;a.;8.0;144;mouoldy
3;mȯu̇ʹntĕbănk;;;;n.;16.0;144;mouontebank
2;vĭʹcar;L.;;;n.;48.0;223;vicar
3;nŭʹllĭty;;;;n.;5.0;149;nullity
2;ſcŭʹttle;;;;n.;10.0;192;scuttle
1;knell;;;;n.;32.0;126;knell
1;loam;;;;n.;53.0;131;loam
2;bēſtrīde;;nbSyll>1 et pas d'accent tonic;;v.;71.0;36;bestride
1;crăg;;;;n.;17.0;61;crag
2;caʹllus;L.;;;n.;4.0;44;callus
4;vŏlĭʹtion;;;;n.;4.0;234;volition
1;sŭrge;;;;n.;8.0;208;surge
3;demŭʹrrage;;;;n.;32.0;67;demurrage
2;rĕʹbel;;;;n.;31.0;177;rebel
2;lăʹndreſs;;;;n.;34.0;127;landress
1;roof;;;;n.;19.0;186;roof
3;iʹnnŏcĕnce;L.;;;n.;67.0;119;innocence
3;ŭndĕrtāʹke;;;;v.;53.0;227;undertake
3;păʹrtĭſan;;;;n.;41.0;157;partisan
2;iʹſt_h_mus;G.;;;n.;54.0;124;isthmus
3;trīʹple;;;;a.;57.0;218;triple
2;d_o_ŭʹbler;;;;n.;41.0;75;doubler
1;hoarſe;;;;a.;48.0;107;hoarse
2;cȳʹpher;;;;n.;6.0;64;cypher
3;ăthlēʹtic;G.;;;n.;39.0;31;athletic
3;ĕʹſcūlents;L.;;;n.;42.0;83;esculents
2;iʹnsĕct;L.;;;a.;25.0;120;insect
3;ăʹrc_h_ĭtrāve;;;;n.;10.0;29;architrave
1;ēves;;;;n.;29.0;84;eves
4;ŭnpĕrfŏʹrmed;;;;a.;61.0;230;unperformed
4;effrŏʹntĕry;F.;;;n.;59.0;78;effrontery
1;ſlăp;;;;n.;35.0;196;slap
3;ăppraiʹſer;;;;n.;33.0;28;appraiser
3;mŭʹndĭfy;;;;v.;67.0;144;mundify
4;cŏnsĭʹſtŏry;;;;n.;35.0;57;consistory
3;trăʹvĕller;;;;n.;51.0;217;traveller
2;pāʹrĕnt;L.;;;n.;72.0;156;parent
4;mŏrtăʹlĭty;;;;n.;48.0;143;mortality
2;fŭʹrlong;;;;n.;73.0;94;furlong
3;mŏrtgăgeʹe;;;;n.;51.0;143;mortgagee
1;tȯẇn;;;;n.;25.0;216;town
2;deprĕʹſs;L.;;;v.;5.0;68;depress
3;defīʹl_e_ment;;;;n.;35.0;66;defilement
4;dūpliʹcĭty;F.;;;n.;32.0;77;duplicity
1;gleam;;;;n.;64.0;98;gleam
2;_w_răʹpp_e_r;;;;n.;11.0;240;wrapper
1;ĕlf;;;;n.;40.0;79;elf
2;detăʹch;F.;;;v.;66.0;68;detach
2;vĭʹsĭt;L.;;;n.;59.0;224;visit
3;quīʹrĕſt_e_r;L.;;;n.;15.0;175;quirester
5;ŭnpĭʹnĭoned;;;;a.;65.0;230;unpinioned
3;ĭmāʹgĭne;L.;;;v.;23.0;112;imagine
5;inquĭsĭʹtion;;;;n.;11.0;120;inquisition
3;deaʹnĕry;;;;n.;8.0;65;deanery
2;nŭʹmbles;;;;n.;7.0;149;numbles
2;tĕʹrror;;;;n.;33.0;212;terror
4;cŭlmĭʹf_ĕ_rous;L.;;;a.;3.0;63;culmiferous
2;cŏʹnfīnes;F.;;;n.;41.0;56;confines
5;dĕſŏlāʹtion;;;;n.;43.0;68;desolation
2;inſtrŭʹct;L.;;;v.;68.0;120;instruct
3;intĕʹrprĕt;L.;;;v.;15.0;122;interpret
1;frĭth;;;;n.;69.0;93;frith
2;păʹmphlet;;;;n.;57.0;155;pamphlet
5;conſtĕllāʹtĭon;;;;n.;49.0;57;constellation
